id,name,email,password,phone,gender,age,blood_group,address,medical_history
1,Patient1,patient_patient1_1_appointed@gmail.com,patient_patient1@1,9961986271,M,47,AB+,Address 1,None
2,Patient2,patient_patient2_2_appointed@gmail.com,patient_patient2@2,9396302942,F,56,O-,Address 2,None
3,Patient3,patient_patient3_3_appointed@gmail.com,patient_patient3@3,9427858477,F,73,O-,Address 3,None
4,Patient4,patient_patient4_4_appointed@gmail.com,patient_patient4@4,9520248051,F,27,A+,Address 4,None
5,Patient5,patient_patient5_5_appointed@gmail.com,patient_patient5@5,9375998005,F,60,AB+,Address 5,None
6,Patient6,patient_patient6_6_appointed@gmail.com,patient_patient6@6,9351062731,M,35,O-,Address 6,None
7,Patient7,patient_patient7_7_appointed@gmail.com,patient_patient7@7,9704765272,F,52,O-,Address 7,None
8,Patient8,patient_patient8_8_appointed@gmail.com,patient_patient8@8,9175014936,M,31,B+,Address 8,None
9,Patient9,patient_patient9_9_appointed@gmail.com,patient_patient9@9,9608192698,M,36,AB+,Address 9,None
10,Patient10,patient_patient10_10_appointed@gmail.com,patient_patient10@10,9942916388,M,27,A+,Address 10,None
11,Patient11,patient_patient11_11_appointed@gmail.com,patient_patient11@11,9479531404,F,48,A+,Address 11,None
12,Patient12,patient_patient12_12_appointed@gmail.com,patient_patient12@12,9527510326,F,67,O-,Address 12,None
13,Patient13,patient_patient13_13_appointed@gmail.com,patient_patient13@13,9869797103,M,63,B-,Address 13,None
14,Patient14,patient_patient14_14_appointed@gmail.com,patient_patient14@14,9271852821,F,21,B-,Address 14,None
15,Patient15,patient_patient15_15_appointed@gmail.com,patient_patient15@15,9510549396,F,62,A-,Address 15,None
16,Patient16,patient_patient16_16_appointed@gmail.com,patient_patient16@16,9607099541,M,43,AB+,Address 16,None
17,Patient17,patient_patient17_17_appointed@gmail.com,patient_patient17@17,9440095246,F,34,B-,Address 17,None
18,Patient18,patient_patient18_18_appointed@gmail.com,patient_patient18@18,9373093937,F,62,A+,Address 18,None
19,Patient19,patient_patient19_19_appointed@gmail.com,patient_patient19@19,9676139326,M,53,O-,Address 19,None
20,Patient20,patient_patient20_20_appointed@gmail.com,patient_patient20@20,9783098783,F,31,AB+,Address 20,None
21,Patient21,patient_patient21_21_appointed@gmail.com,patient_patient21@21,9491613852,M,23,B-,Address 21,None
22,Patient22,patient_patient22_22_appointed@gmail.com,patient_patient22@22,9322026964,M,44,B-,Address 22,None
23,Patient23,patient_patient23_23_appointed@gmail.com,patient_patient23@23,9520135066,F,72,O+,Address 23,None
24,Patient24,patient_patient24_24_appointed@gmail.com,patient_patient24@24,9897699340,F,59,AB+,Address 24,None
25,Patient25,patient_patient25_25_appointed@gmail.com,patient_patient25@25,9329167880,F,74,A-,Address 25,None
26,Patient26,patient_patient26_26_appointed@gmail.com,patient_patient26@26,9832766071,M,32,B-,Address 26,None
27,Patient27,patient_patient27_27_appointed@gmail.com,patient_patient27@27,9633715544,F,59,AB+,Address 27,None
28,Patient28,patient_patient28_28_appointed@gmail.com,patient_patient28@28,9677318990,M,21,AB-,Address 28,None
29,Patient29,patient_patient29_29_appointed@gmail.com,patient_patient29@29,9751291546,F,73,B+,Address 29,None
30,Patient30,patient_patient30_30_appointed@gmail.com,patient_patient30@30,9812805694,M,27,A+,Address 30,None
31,Patient31,patient_patient31_31_appointed@gmail.com,patient_patient31@31,9996777184,M,28,B+,Address 31,None
32,Patient32,patient_patient32_32_appointed@gmail.com,patient_patient32@32,9204200889,F,70,B-,Address 32,None
33,Patient33,patient_patient33_33_appointed@gmail.com,patient_patient33@33,9233704241,F,41,A+,Address 33,None
34,Patient34,patient_patient34_34_appointed@gmail.com,patient_patient34@34,9113367711,F,28,AB-,Address 34,None
35,Patient35,patient_patient35_35_appointed@gmail.com,patient_patient35@35,9963345709,F,66,A-,Address 35,None
36,Patient36,patient_patient36_36_appointed@gmail.com,patient_patient36@36,9315694558,F,49,B-,Address 36,None
37,Patient37,patient_patient37_37_appointed@gmail.com,patient_patient37@37,9990979548,M,36,A-,Address 37,None
38,Patient38,patient_patient38_38_appointed@gmail.com,patient_patient38@38,9209571745,F,72,B-,Address 38,None
39,Patient39,patient_patient39_39_appointed@gmail.com,patient_patient39@39,9668110523,M,59,O-,Address 39,None
40,Patient40,patient_patient40_40_appointed@gmail.com,patient_patient40@40,9382077024,M,22,AB-,Address 40,None
41,Patient41,patient_patient41_41_appointed@gmail.com,patient_patient41@41,9332979026,F,31,O+,Address 41,None
42,Patient42,patient_patient42_42_appointed@gmail.com,patient_patient42@42,9406294110,M,57,A-,Address 42,None
43,Patient43,patient_patient43_43_appointed@gmail.com,patient_patient43@43,9347216979,F,61,AB+,Address 43,None
44,Patient44,patient_patient44_44_appointed@gmail.com,patient_patient44@44,9034538858,M,39,A+,Address 44,None
45,Patient45,patient_patient45_45_appointed@gmail.com,patient_patient45@45,9693929591,F,55,AB+,Address 45,None
46,Patient46,patient_patient46_46_appointed@gmail.com,patient_patient46@46,9867514581,F,33,AB+,Address 46,None
47,Patient47,patient_patient47_47_appointed@gmail.com,patient_patient47@47,9190579115,F,19,B+,Address 47,None
48,Patient48,patient_patient48_48_appointed@gmail.com,patient_patient48@48,9071363938,M,24,O+,Address 48,None
49,Patient49,patient_patient49_49_appointed@gmail.com,patient_patient49@49,9732301032,F,30,A-,Address 49,None
50,Patient50,patient_patient50_50_appointed@gmail.com,patient_patient50@50,9256140475,M,24,O+,Address 50,None
51,Patient51,patient_patient51_51_appointed@gmail.com,patient_patient51@51,9904519530,M,55,AB-,Address 51,None
52,Patient52,patient_patient52_52_appointed@gmail.com,patient_patient52@52,9410886900,M,55,AB-,Address 52,None
53,Patient53,patient_patient53_53_appointed@gmail.com,patient_patient53@53,9960035267,F,33,B-,Address 53,None
54,Patient54,patient_patient54_54_appointed@gmail.com,patient_patient54@54,9188738471,M,23,O-,Address 54,None
55,Patient55,patient_patient55_55_appointed@gmail.com,patient_patient55@55,9688532733,F,33,A+,Address 55,None
56,Patient56,patient_patient56_56_appointed@gmail.com,patient_patient56@56,9375108768,F,64,A+,Address 56,None
57,Patient57,patient_patient57_57_appointed@gmail.com,patient_patient57@57,9670361512,M,75,A+,Address 57,None
58,Patient58,patient_patient58_58_appointed@gmail.com,patient_patient58@58,9195666952,M,69,A+,Address 58,None
59,Patient59,patient_patient59_59_appointed@gmail.com,patient_patient59@59,9764282894,M,72,B-,Address 59,None
60,Patient60,patient_patient60_60_appointed@gmail.com,patient_patient60@60,9403019625,M,46,O-,Address 60,None
61,Patient61,patient_patient61_61_appointed@gmail.com,patient_patient61@61,9601830664,M,66,B+,Address 61,None
62,Patient62,patient_patient62_62_appointed@gmail.com,patient_patient62@62,9048018095,F,19,B-,Address 62,None
63,Patient63,patient_patient63_63_appointed@gmail.com,patient_patient63@63,9008164787,F,18,AB+,Address 63,None
64,Patient64,patient_patient64_64_appointed@gmail.com,patient_patient64@64,9205350152,M,75,B+,Address 64,None
65,Patient65,patient_patient65_65_appointed@gmail.com,patient_patient65@65,9486135413,M,23,A-,Address 65,None
66,Patient66,patient_patient66_66_appointed@gmail.com,patient_patient66@66,9119410228,F,57,B-,Address 66,None
67,Patient67,patient_patient67_67_appointed@gmail.com,patient_patient67@67,9860061886,M,62,AB-,Address 67,None
68,Patient68,patient_patient68_68_appointed@gmail.com,patient_patient68@68,9228717382,F,35,B-,Address 68,None
69,Patient69,patient_patient69_69_appointed@gmail.com,patient_patient69@69,9446755884,F,20,A+,Address 69,None
70,Patient70,patient_patient70_70_appointed@gmail.com,patient_patient70@70,9607374894,F,33,B-,Address 70,None
71,Patient71,patient_patient71_71_appointed@gmail.com,patient_patient71@71,9839907288,M,50,A-,Address 71,None
72,Patient72,patient_patient72_72_appointed@gmail.com,patient_patient72@72,9467425555,M,42,A-,Address 72,None
73,Patient73,patient_patient73_73_appointed@gmail.com,patient_patient73@73,9395347575,M,71,O-,Address 73,None
74,Patient74,patient_patient74_74_appointed@gmail.com,patient_patient74@74,9373451941,M,56,B+,Address 74,None
75,Patient75,patient_patient75_75_appointed@gmail.com,patient_patient75@75,9273459374,M,27,O+,Address 75,None
76,Patient76,patient_patient76_76_appointed@gmail.com,patient_patient76@76,9050757379,F,36,A+,Address 76,None
77,Patient77,patient_patient77_77_appointed@gmail.com,patient_patient77@77,9809719177,F,53,A+,Address 77,None
78,Patient78,patient_patient78_78_appointed@gmail.com,patient_patient78@78,9383857832,F,20,A-,Address 78,None
79,Patient79,patient_patient79_79_appointed@gmail.com,patient_patient79@79,9186372725,F,35,B-,Address 79,None
80,Patient80,patient_patient80_80_appointed@gmail.com,patient_patient80@80,9003653035,M,47,O-,Address 80,None
81,Patient81,patient_patient81_81_appointed@gmail.com,patient_patient81@81,9870079554,F,50,O-,Address 81,None
82,Patient82,patient_patient82_82_appointed@gmail.com,patient_patient82@82,9788834595,F,50,A-,Address 82,None
83,Patient83,patient_patient83_83_appointed@gmail.com,patient_patient83@83,9590697924,M,54,O-,Address 83,None
84,Patient84,patient_patient84_84_appointed@gmail.com,patient_patient84@84,9910490830,M,25,A+,Address 84,None
85,Patient85,patient_patient85_85_appointed@gmail.com,patient_patient85@85,9029053969,M,56,AB+,Address 85,None
86,Patient86,patient_patient86_86_appointed@gmail.com,patient_patient86@86,9705020659,F,20,A+,Address 86,None
87,Patient87,patient_patient87_87_appointed@gmail.com,patient_patient87@87,9645793233,F,59,O+,Address 87,None
88,Patient88,patient_patient88_88_appointed@gmail.com,patient_patient88@88,9498694652,M,36,B-,Address 88,None
89,Patient89,patient_patient89_89_appointed@gmail.com,patient_patient89@89,9469278680,M,37,B+,Address 89,None
90,Patient90,patient_patient90_90_appointed@gmail.com,patient_patient90@90,9132675978,M,45,O+,Address 90,None
91,Patient91,patient_patient91_91_appointed@gmail.com,patient_patient91@91,9006083103,M,21,O+,Address 91,None
92,Patient92,patient_patient92_92_appointed@gmail.com,patient_patient92@92,9159983264,F,43,O+,Address 92,None
93,Patient93,patient_patient93_93_appointed@gmail.com,patient_patient93@93,9829604344,F,73,A-,Address 93,None
94,Patient94,patient_patient94_94_appointed@gmail.com,patient_patient94@94,9513252528,M,18,O+,Address 94,None
95,Patient95,patient_patient95_95_appointed@gmail.com,patient_patient95@95,9325766890,F,61,O+,Address 95,None
96,Patient96,patient_patient96_96_appointed@gmail.com,patient_patient96@96,9339854776,F,45,A+,Address 96,None
97,Patient97,patient_patient97_97_appointed@gmail.com,patient_patient97@97,9789334690,M,73,AB+,Address 97,None
98,Patient98,patient_patient98_98_appointed@gmail.com,patient_patient98@98,9037460545,F,29,O+,Address 98,None
99,Patient99,patient_patient99_99_appointed@gmail.com,patient_patient99@99,9067858601,M,28,O+,Address 99,None
100,Patient100,patient_patient100_100_appointed@gmail.com,patient_patient100@100,9609066106,F,25,AB+,Address 100,None
101,Patient101,patient_patient101_101_appointed@gmail.com,patient_patient101@101,9305974133,F,75,O-,Address 101,None
102,Patient102,patient_patient102_102_appointed@gmail.com,patient_patient102@102,9819539145,M,32,B+,Address 102,None
103,Patient103,patient_patient103_103_appointed@gmail.com,patient_patient103@103,9922004486,M,67,AB-,Address 103,None
104,Patient104,patient_patient104_104_appointed@gmail.com,patient_patient104@104,9962818892,M,41,O-,Address 104,None
105,Patient105,patient_patient105_105_appointed@gmail.com,patient_patient105@105,9316674815,M,24,B+,Address 105,None
106,Patient106,patient_patient106_106_appointed@gmail.com,patient_patient106@106,9828459750,M,32,O-,Address 106,None
107,Patient107,patient_patient107_107_appointed@gmail.com,patient_patient107@107,9846855603,M,27,O+,Address 107,None
108,Patient108,patient_patient108_108_appointed@gmail.com,patient_patient108@108,9062112495,M,35,A-,Address 108,None
109,Patient109,patient_patient109_109_appointed@gmail.com,patient_patient109@109,9888033933,F,37,B-,Address 109,None
110,Patient110,patient_patient110_110_appointed@gmail.com,patient_patient110@110,9280984143,F,37,A+,Address 110,None
111,Patient111,patient_patient111_111_appointed@gmail.com,patient_patient111@111,9779468209,F,52,A-,Address 111,None
112,Patient112,patient_patient112_112_appointed@gmail.com,patient_patient112@112,9118938676,F,43,AB-,Address 112,None
113,Patient113,patient_patient113_113_appointed@gmail.com,patient_patient113@113,9584654022,M,42,O+,Address 113,None
114,Patient114,patient_patient114_114_appointed@gmail.com,patient_patient114@114,9130562030,F,33,B+,Address 114,None
115,Patient115,patient_patient115_115_appointed@gmail.com,patient_patient115@115,9413078306,F,45,B-,Address 115,None
116,Patient116,patient_patient116_116_appointed@gmail.com,patient_patient116@116,9949803594,F,40,AB-,Address 116,None
117,Patient117,patient_patient117_117_appointed@gmail.com,patient_patient117@117,9350843280,F,42,O+,Address 117,None
118,Patient118,patient_patient118_118_appointed@gmail.com,patient_patient118@118,9377307755,F,53,O+,Address 118,None
119,Patient119,patient_patient119_119_appointed@gmail.com,patient_patient119@119,9083742869,M,56,A+,Address 119,None
120,Patient120,patient_patient120_120_appointed@gmail.com,patient_patient120@120,9983256631,M,49,B+,Address 120,None
121,Patient121,patient_patient121_121_appointed@gmail.com,patient_patient121@121,9526702881,M,28,O+,Address 121,None
122,Patient122,patient_patient122_122_appointed@gmail.com,patient_patient122@122,9740867306,M,45,O+,Address 122,None
123,Patient123,patient_patient123_123_appointed@gmail.com,patient_patient123@123,9835356364,F,53,A+,Address 123,None
124,Patient124,patient_patient124_124_appointed@gmail.com,patient_patient124@124,9957328873,M,45,A-,Address 124,None
125,Patient125,patient_patient125_125_appointed@gmail.com,patient_patient125@125,9677553335,F,60,A+,Address 125,None
126,Patient126,patient_patient126_126_appointed@gmail.com,patient_patient126@126,9158862271,F,18,A-,Address 126,None
127,Patient127,patient_patient127_127_appointed@gmail.com,patient_patient127@127,9730136721,M,49,A-,Address 127,None
128,Patient128,patient_patient128_128_appointed@gmail.com,patient_patient128@128,9188488714,M,23,AB+,Address 128,None
129,Patient129,patient_patient129_129_appointed@gmail.com,patient_patient129@129,9445149799,F,72,B+,Address 129,None
130,Patient130,patient_patient130_130_appointed@gmail.com,patient_patient130@130,9738953976,F,71,O-,Address 130,None
131,Patient131,patient_patient131_131_appointed@gmail.com,patient_patient131@131,9759662210,M,69,O-,Address 131,None
132,Patient132,patient_patient132_132_appointed@gmail.com,patient_patient132@132,9102206471,F,72,B-,Address 132,None
133,Patient133,patient_patient133_133_appointed@gmail.com,patient_patient133@133,9342176374,F,67,B-,Address 133,None
134,Patient134,patient_patient134_134_appointed@gmail.com,patient_patient134@134,9586057677,M,26,O+,Address 134,None
135,Patient135,patient_patient135_135_appointed@gmail.com,patient_patient135@135,9870419664,M,45,B+,Address 135,None
136,Patient136,patient_patient136_136_appointed@gmail.com,patient_patient136@136,9031949137,F,25,O+,Address 136,None
137,Patient137,patient_patient137_137_appointed@gmail.com,patient_patient137@137,9751501408,M,33,A+,Address 137,None
138,Patient138,patient_patient138_138_appointed@gmail.com,patient_patient138@138,9955196674,M,66,O+,Address 138,None
139,Patient139,patient_patient139_139_appointed@gmail.com,patient_patient139@139,9271800522,F,22,AB+,Address 139,None
140,Patient140,patient_patient140_140_appointed@gmail.com,patient_patient140@140,9891003159,M,33,A-,Address 140,None
141,Patient141,patient_patient141_141_appointed@gmail.com,patient_patient141@141,9513933036,M,59,A-,Address 141,None
142,Patient142,patient_patient142_142_appointed@gmail.com,patient_patient142@142,9558599079,F,26,O+,Address 142,None
143,Patient143,patient_patient143_143_appointed@gmail.com,patient_patient143@143,9611098985,F,32,AB+,Address 143,None
144,Patient144,patient_patient144_144_appointed@gmail.com,patient_patient144@144,9145170930,M,56,AB-,Address 144,None
145,Patient145,patient_patient145_145_appointed@gmail.com,patient_patient145@145,9064381605,F,62,A-,Address 145,None
146,Patient146,patient_patient146_146_appointed@gmail.com,patient_patient146@146,9897347016,M,42,A-,Address 146,None
147,Patient147,patient_patient147_147_appointed@gmail.com,patient_patient147@147,9040680282,M,21,O-,Address 147,None
148,Patient148,patient_patient148_148_appointed@gmail.com,patient_patient148@148,9887374245,F,64,AB+,Address 148,None
149,Patient149,patient_patient149_149_appointed@gmail.com,patient_patient149@149,9365583501,F,55,O-,Address 149,None
150,Patient150,patient_patient150_150_appointed@gmail.com,patient_patient150@150,9914693479,M,40,AB+,Address 150,None
